scene_id,episodes
RTV2n6fXB2w,19721
JNiWU5TZLtt,19656
YHmAkqgwe2p,18927
xAHnY3QzFUN,18660
zUG6FL9TYeR,18645
U3oQjwTuMX8,17501
DNWbUAJYsPy,17456
RaYrxWt5pR1,17172
DoSbsoo4EAg,17113
ooq3SnvC79d,16339
yX5efd48dLf,16172
bHKTDQFJxTw,15972
nGhNxKrgBPb,15963
FRQ75PjD278,15899
YmWinf3mhb5,15865
URjpCob8MGw,15575
bB6nKqfsb1z,15354
QVAA6zecMHu,15210
oStKKWkQ1id,15141
kJxT5qssH4H,15020
ZNanfzgCdm3,14751
fK2vEV32Lag,14661
LcAd9dhvVwh,14557
fxbzYAGkrtm,14353
bdp1XNEdvmW,14250
YY8rqV6L6rf,14050
erXNfWVjqZ8,13711
DqJKU7YU7dA,13645
qk9eeNeR4vw,13607
dQrLTxHvLXU,13528
qgZhhx1MpTi,13227
ACZZiU6BXLz,13140
xWvSkKiWQpC,12896
v7DzfFFEpsD,12863
HxmXPBbFCkH,12751
Z2DQddYp1fn,12586
VoVGtfYrpuQ,12438
fRZhp6vWGw7,12372
S7uMvxjBVZq,12119
gjhYih4upQ9,12042
xgLmjqzoAzF,11727
GGBvSFddQgs,11524
TYDavTf8oyy,11377
NGyoyh91xXJ,11347
ixTj1aTMup2,11237
L5QEsaVqwrY,11028
CthA7sQNTPK,10701
W9YAR9qcuvN,10574
aRKASs4e8j1,10565
mt9H8KcxRKD,10094
DBBESbk4Y3k,10071
GPyDUnjwZQy,10034
Jfyvj3xn2aJ,9892
E1NrAhMoqvB,9877
KjZrPggnHm8,9488
3XYAD64HpDr,9415
oEPjPNSPmzL,9319
sX9xad6ULKc,9226
YJDUB7hWg9h,9086
1xGrZPxG1Hz,9043
j6fHrce9pHR,9014
yHLr6bvWsVm,8921
WhNyDTnd9g5,8712
vDfkYo5VqEQ,8708
77mMEyxhs44,8178
3CBBjsNkhqW,7845
DsEJeNPcZtE,7823
SgkmkWjjmDJ,7655
NPHxDe6VeCc,7564
W16Bm4ysK8v,7355
PPTLa8SkUfo,7226
8B43pG641ff,7139
h6nwVLpAKQz,6981
w8GiikYuFRk,6605
6imZUJGRUq4,6547
nACV8wLu1u5,6453
5Kw4nGdqYtS,6404
wsAYBFtQaL7,6231
GTV2Y73Sn5t,6192
hWDDQnSDMXb,6170
UuwwmrTsfBN,4962
5biL7VEkByM,4745
FnDDfrBZPhh,4713
QN2dRqwd84J,4116
6HRFAUDqpTb,4014
NEVASPhcrxR,3909
CQWES1bawee,3822
NtnvZSMK3en,3708
92vYG1q49FY,3600
qz3829g1Lzf,3600
Wo6kuutE9i7,3597
VSxVP19Cdyw,3539
2Pc8W48bu21,3531
gmuS7Wgsbrx,3512
226REUyJh2K,3404
HeSYRw7eMtG,3311
XiJhRLvpKpX,3254
iePHCSf119p,3203
iLDo95ZbDJq,3168
ENiCjXWB6aQ,3060
LVgQNuK8vtv,2983
HkseAnWCgqk,2884
9h5JJxM6E5S,2856
XVSZJAtHKdi,2768
MVVzj944atG,2713
1S7LAXRdDqK,2614
oahi4u45xMf,2403
TSJmdttd2GV,2248
GsQBY83r3hb,2235
8wJuSPJ9FXG,2201
u9rPN5cHWBg,1740
wPLokgvCnuk,1602
iKFn6fzyRqs,1575
PE6kVEtrxtj,1412
gQgtJ9Stk5s,1367
XYyR54sxe6b,1188
g8Xrdbe9fir,1065
ceJTwFNjqCt,1007
